"method","n","main_effect_size","hte_effect_size_age","hte_effect_size_race","hte_effect_size_disease","power_age","power_age_lower","power_age_upper","power_race","power_race_lower","power_race_upper","power_disease","power_disease_lower","power_disease_upper","fpr_age","fpr_age_lower","fpr_age_upper","fpr_race","fpr_race_lower","fpr_race_upper","fpr_disease","fpr_disease_lower","fpr_disease_upper","cost_effectiveness","ce_lower","ce_upper"
"ab",5000,0.2,0.05,0.05,0.05,0.158,0.135583333333333,0.180333333333333,0.179666666666667,0.157416666666667,0.212916666666667,0.201,0.183333333333333,0.223333333333333,0.087,0.07,0.1155,0.26,0.1735,0.32775,0.098,0.06225,0.1355,14489.581631158,14122.990017638,14683.4513566418
"smart",5000,0.2,0.05,0.05,0.05,0.065,0.04225,0.08775,0.134,0.07675,0.1755,0.727,0.6435,0.79,0,0,0,0,0,0,0,0,0,10230.3249959998,9915.33327541737,10674.6086970497
"ab",5000,0.2,0.05,0.05,0.1,0.156,0.134833333333333,0.175916666666667,0.168,0.144833333333333,0.18925,0.332333333333333,0.33,0.333333333333333,0.115,0.0745,0.14775,0.254,0.19125,0.3255,0.114,0.07225,0.171,15215.9324780737,14977.444434681,15442.3728470334
"smart",5000,0.2,0.05,0.05,0.1,0.05,0.03225,0.07775,0.134,0.09225,0.1955,0.999,0.99225,1,0,0,0,0,0,0,0,0,0,10730.0137740092,10424.0798443306,10985.8932859531
"ab",5000,0.2,0.05,0.05,0.15,0.158666666666667,0.135583333333333,0.173333333333333,0.172,0.15075,0.19625,0.333333333333333,0.333333333333333,0.333333333333333,0.091,0.06225,0.11775,0.235,0.16125,0.30775,0.124,0.06675,0.19325,15972.9904145232,15805.2661282667,16199.2084776102
"smart",5000,0.2,0.05,0.05,0.15,0.044,0.02225,0.07775,0.124,0.08225,0.1965,1,1,1,0,0,0,0,0,0,0,0,0,11278.3794887364,11077.5969830562,11476.0420000635
