"method","n","main_effect_size","hte_effect_size_age","hte_effect_size_race","hte_effect_size_disease","power_age","power_age_lower","power_age_upper","power_race","power_race_lower","power_race_upper","power_disease","power_disease_lower","power_disease_upper","fpr_age","fpr_age_lower","fpr_age_upper","fpr_race","fpr_race_lower","fpr_race_upper","fpr_disease","fpr_disease_lower","fpr_disease_upper","cost_effectiveness","ce_lower","ce_upper"
"ab",5000,0.2,0.05,0.05,0.05,0.298666666666667,0.288166666666667,0.319583333333333,0.301333333333333,0.286666666666667,0.312583333333333,0.322666666666667,0.314083333333333,0.33,0.0343333333333333,0.0233333333333333,0.0433333333333333,0.0826666666666667,0.0615,0.104416666666667,0.0326666666666667,0.0240833333333333,0.0495833333333333,14430.4967720899,14142.5155159502,14840.7354031024
"smart",5000,0.2,0.05,0.05,0.05,0.056,0.02225,0.08775,0.124,0.0645,0.18775,0.713,0.65,0.7855,0,0,0,0,0,0,0,0,0,10190.0104777104,9742.58028033797,10463.3056228434
"ab",5000,0.2,0.05,0.05,0.1,0.302,0.286666666666667,0.315916666666667,0.299333333333333,0.283333333333333,0.30925,0.333333333333333,0.333333333333333,0.333333333333333,0.035,0.02075,0.064,0.0823333333333333,0.0474166666666667,0.10925,0.03,0.0148333333333333,0.0433333333333333,15150.2562376356,14885.3292494313,15325.5633747669
"smart",5000,0.2,0.05,0.05,0.1,0.052,0.03225,0.07,0.133,0.07225,0.20325,1,1,1,0,0,0,0,0,0,0,0,0,10753.0123336546,10554.4445451472,10961.0131807197
"ab",5000,0.2,0.05,0.05,0.15,0.300333333333333,0.29075,0.314416666666667,0.301,0.288166666666667,0.315916666666667,0.333333333333333,0.333333333333333,0.333333333333333,0.032,0.0181666666666667,0.0451666666666667,0.0876666666666667,0.0681666666666667,0.103333333333333,0.033,0.02,0.0533333333333333,15915.1871956068,15397.3418399025,16418.006379868
"smart",5000,0.2,0.05,0.05,0.15,0.045,0.02,0.08775,0.138,0.089,0.18325,1,1,1,0,0,0,0,0,0,0,0,0,11205.2908143987,10917.4967443224,11614.159751347
